source,target,value
accessibility,android-studio,1
accessibility,angular,2
accessibility,c#,1
accessibility,css,8
accessibility,flutter,2
accessibility,heroku,1
accessibility,javascript,5
accessibility,kotlin,2
accessibility,material-ui,1
accessibility,php,1
accessibility,python,2
accessibility,react-native,1
accessibility,seo,1
acid,microservices,1
ajax,angular,1
ajax,c#,11
ajax,css,5
ajax,java,5
ajax,javascript,137
ajax,json,13
ajax,mysql,7
ajax,php,100
ajax,python,17
alchemy,solana,1
alibaba-cloud,authentication,1
alibaba-cloud,json,1
analytics,angular,1
analytics,api,1
analytics,google-analytics,8
analytics,java,1
analytics,javascript,3
analytics,postgresql,1
analytics,python,3
android-studio,api,2
android-studio,css,1
android-studio,firebase,15
android-studio,flutter,52
android-studio,git,2
android-studio,java,102
android-studio,javascript,2
android-studio,json,1
android-studio,linux,1
android-studio,python,3
android-studio,react-native,15
android-studio,ruby,1
android-studio,sqlite,3
android-studio,windows,1
angular,c#,19
angular,css,102
angular,java,19
angular,javascript,325
angular,json,23
angular,mysql,1
angular,php,6
angular,python,6
angular-universal,angular,20
angular-universal,docker,1
angular-universal,firebase,1
angular-universal,seo,2
angular-universal,typescript,1
angular-universal,webpack,1
ansible,azure,2
ansible,azure-devops,2
ansible,deployment,1
ansible,docker,5
ansible,elasticsearch,2
ansible,git,3
ansible,java,1
ansible,jenkins,1
ansible,json,10
ansible,kubernetes,3
ansible,linux,8
ansible,mysql,1
ansible,networking,3
ansible,nginx,1
ansible,postgresql,2
ansible,powershell,2
ansible,python,5
ansible,security,1
ansible,ssh,5
ansible,ubuntu,3
ansible,variables,2
ansible,windows,5
apache,ajax,3
apache,angular,4
apache,azure,1
apache,docker,7
apache,java,6
apache,javascript,4
apache,linux,12
apache,php,54
apache,python,9
apache,ruby,2
apache,windows,2
api,ajax,6
api,angular,20
api,azure,12
api,c#,66
api,css,1
api,docker,3
api,firebase,7
api,flutter,37
api,git,1
api,java,52
api,javascript,118
api,json,58
api,linux,2
api,mongodb,11
api,multithreading,3
api,mysql,4
api,oracle,1
api,php,66
api,postgresql,8
api,powershell,1
api,python,156
api,react-native,15
api,ruby,5
api,typescript,21
api,windows,4
apollo,cors,1
apollo,docker,1
apollo,graphql,26
apollo,javascript,4
apollo,json,1
apollo,jwt,1
apollo,kotlin,4
apollo,npm,1
apollo,react-native,1
apollo,redux,2
apollo,rest,1
apollo,typescript,4
appdynamics,json,1
appdynamics,python,1
architecture,angular,1
architecture,authentication,1
architecture,azure,1
architecture,c#,5
architecture,dart,1
architecture,design-patterns,4
architecture,elasticsearch,2
architecture,firebase,2
architecture,flutter,1
architecture,gitlab,1
architecture,java,1
architecture,javascript,5
architecture,mongodb,1
architecture,python,2
architecture,rest,2
architecture,terraform,1
architecture,testing,1
architecture,typescript,2
architecture,unit-testing,1
architecture,webpack,1
architecture,windows,1
argocd,bitbucket,1
argocd,docker,1
argocd,github-actions,1
argocd,kubernetes,9
astro,css,1
astro,javascript,8
astro,json,1
astro,sass,1
astro,typescript,2
astro,vite,3
async-await,ajax,1
async-await,angular,3
async-await,api,3
async-await,c#,31
async-await,dart,5
async-await,design-patterns,1
async-await,dom,1
async-await,firebase,3
async-await,flutter,8
async-await,go,1
async-await,http,1
async-await,javascript,66
async-await,json,2
async-await,kotlin,2
async-await,memory-management,1
async-await,mongodb,1
async-await,multithreading,12
async-await,mysql,2
async-await,npm,1
async-await,oop,1
async-await,php,1
async-await,python,22
async-await,react-native,4
async-await,rust,8
async-await,sockets,1
async-await,sqlite,1
async-await,testing,1
async-await,typescript,11
authentication,ajax,1
authentication,angular,8
authentication,apache,1
authentication,api,17
authentication,azure,10
authentication,c#,24
authentication,dart,5
authentication,docker,3
authentication,firebase,15
authentication,flutter,11
authentication,git,2
authentication,java,32
authentication,javascript,36
authentication,json,2
authentication,kotlin,5
authentication,linux,3
authentication,mongodb,11
authentication,mysql,9
authentication,oracle,1
authentication,php,12
authentication,postgresql,2
authentication,python,32
authentication,react-native,4
authentication,rest,3
authentication,ruby,1
authentication,sqlite,1
authentication,typescript,8
authentication,windows,3
aws-cdk,c#,3
aws-cdk,deployment,1
aws-cdk,docker,2
aws-cdk,github-actions,1
aws-cdk,go,2
aws-cdk,java,1
aws-cdk,javascript,1
aws-cdk,jenkins,1
aws-cdk,kotlin,1
aws-cdk,kubernetes,1
aws-cdk,monitoring,1
aws-cdk,npm,1
aws-cdk,python,10
aws-cdk,terraform,1
aws-cdk,testing,1
aws-cdk,typescript,20
aws-cdk,windows,1
azure,angular,11
azure,c#,99
azure,firebase,1
azure,flutter,1
azure,git,8
azure,java,24
azure,javascript,15
azure,json,9
azure,linux,2
azure,mongodb,1
azure,mysql,5
azure,oracle,2
azure,php,9
azure,postgresql,11
azure,python,62
azure,typescript,4
azure,windows,2
azure-devops,api,5
azure-devops,authentication,1
azure-devops,azure,89
azure-devops,c#,5
azure-devops,docker,8
azure-devops,flutter,1
azure-devops,git,27
azure-devops,github,5
azure-devops,gradle,1
azure-devops,javascript,1
azure-devops,jenkins,1
azure-devops,json,1
azure-devops,linux,1
azure-devops,npm,1
azure-devops,php,2
azure-devops,postgresql,1
azure-devops,powershell,9
azure-devops,python,12
azure-devops,security,1
azure-devops,testing,4
azure-devops,typescript,1
azure-devops,ubuntu,1
azure-devops,unit-testing,1
azure-devops,variables,1
azure-devops,windows,1
basic-authentication,angular,1
basic-authentication,authentication,3
basic-authentication,c#,1
basic-authentication,http,1
basic-authentication,java,3
basic-authentication,nginx,1
basic-authentication,oauth,1
basic-authentication,php,1
basic-authentication,python,1
basic-authentication,react-native,1
basic-authentication,typescript,1
bcrypt,authentication,1
bcrypt,cryptography,1
bcrypt,go,1
bcrypt,java,1
bcrypt,javascript,4
bcrypt,mongodb,2
bcrypt,mysql,1
bcrypt,python,1
bcrypt,rust,1
bcrypt,security,1
bdd,javascript,1
bdd,python,3
bem,css,1
binance-smart-chain,ethereum,1
bitbucket,angular,2
bitbucket,api,1
bitbucket,azure-devops,2
bitbucket,c#,1
bitbucket,docker,5
bitbucket,electron,1
bitbucket,git,23
bitbucket,github,6
bitbucket,gitlab,2
bitbucket,java,2
bitbucket,jenkins,5
bitbucket,php,2
bitbucket,python,4
bitbucket,rest,1
bitbucket,ssh,3
bitbucket,windows,1
bitrise,pnpm,1
bitrise,ruby,1
bloc,api,1
bloc,async-await,1
bloc,authentication,1
bloc,dart,12
bloc,firebase,5
bloc,flutter,32
bloc,rest,1
blockchain,api,6
blockchain,c#,1
blockchain,cryptography,1
blockchain,docker,1
blockchain,ethereum,17
blockchain,go,1
blockchain,graphql,2
blockchain,java,1
blockchain,javascript,8
blockchain,json,1
blockchain,php,1
blockchain,python,6
blockchain,react-native,2
blockchain,rest,2
blockchain,rust,4
blockchain,security,3
blockchain,testing,1
blockchain,transactions,3
brownie,chainlink,1
brownie,ethereum,1
brownie,python,2
brownie,solidity,2
brownie,truffle,1
bulma,css,4
bulma,javascript,1
bulma,sass,2
c#,java,7
c#,javascript,75
c#,python,12
caddy,reverse-proxy,1
cassandra,dart,1
cassandra,docker,3
cassandra,flutter,1
cassandra,java,10
cassandra,json,1
cassandra,kubernetes,1
cassandra,linux,2
cassandra,python,2
cassandra,rest,1
cassandra,windows,1
cdn,css,1
cdn,javascript,5
cdn,nginx,1
cdn,npm,2
cdn,svelte,1
cdn,typescript,1
cdn,webpack,1
chainlink,blockchain,3
chainlink,docker,1
chainlink,ethereum,1
chainlink,json,1
chainlink,polygon,1
chainlink,solana,1
chainlink,solidity,2
chainlink,truffle,1
chainlink,web3js,1
circleci,ansible,1
circleci,docker,4
circleci,flutter,1
circleci,git,1
circleci,go,1
circleci,integration-testing,1
circleci,java,2
circleci,networking,1
circleci,serverless,1
circleci,typescript,1
circuit-breaker,c#,2
circuit-breaker,istio,1
circuit-breaker,java,4
circuit-breaker,kubernetes,1
circuit-breaker,microservices,1
code-coverage,angular,2
code-coverage,azure-devops,2
code-coverage,c#,1
code-coverage,components,1
code-coverage,docker,1
code-coverage,electron,1
code-coverage,gitlab,1
code-coverage,gitlab-ci,1
code-coverage,go,3
code-coverage,gradle,1
code-coverage,javascript,2
code-coverage,junit,1
code-coverage,php,1
code-coverage,python,1
code-coverage,testing,7
code-coverage,typescript,2
code-coverage,unit-testing,4
codemagic,firebase,1
codemagic,flutter,6
collections,api,1
collections,c#,2
collections,dom,1
collections,firebase,1
collections,github,1
collections,java,22
collections,javascript,4
collections,kotlin,1
collections,mongodb,5
collections,python,3
collections,react-native,1
collections,redis,1
collections,variables,2
components,angular,14
components,authentication,1
components,go,1
components,javascript,10
components,mongodb,1
components,php,4
components,react-native,1
components,testing,3
components,typescript,4
configuration-management,azure,1
consul,c#,1
consul,git,1
consul,java,1
consul,kubernetes,1
consul,nginx,1
consul,reverse-proxy,1
consul,terraform,1
content-security-policy,ajax,1
content-security-policy,angular,1
content-security-policy,apache,1
content-security-policy,cors,1
content-security-policy,electron,1
content-security-policy,javascript,8
content-security-policy,nginx,1
content-security-policy,security,3
content-security-policy,webpack,4
cors,ajax,6
cors,angular,17
cors,api,20
cors,azure,4
cors,c#,7
cors,dart,1
cors,deployment,2
cors,docker,1
cors,electron,1
cors,firebase,2
cors,flutter,3
cors,go,1
cors,graphql,3
cors,heroku,2
cors,http,8
cors,https,1
cors,java,11
cors,javascript,33
cors,json,1
cors,jwt,1
cors,kotlin,3
cors,kubernetes,1
cors,mongodb,2
cors,networking,1
cors,nginx,3
cors,php,10
cors,postgresql,1
cors,python,4
cors,react-native,2
cors,rest,4
cors,testing,1
cors,tomcat,1
cors,typescript,3
couchdb,cors,1
couchdb,javascript,1
couchdb,python,1
cqrs,architecture,1
cqrs,c#,2
cqrs,dependency-injection,1
cqrs,domain-driven-design,2
cqrs,python,1
cryptography,angular,1
cryptography,api,2
cryptography,authentication,1
cryptography,c#,5
cryptography,dart,1
cryptography,electron,2
cryptography,flutter,1
cryptography,java,8
cryptography,javascript,6
cryptography,jwt,2
cryptography,kotlin,1
cryptography,linux,1
cryptography,networking,1
cryptography,python,21
cryptography,react-native,2
cryptography,rust,3
cryptography,security,1
cryptography,sockets,1
cryptography,typescript,1
cryptography,windows,2
csp,angular,1
csp,content-security-policy,5
csp,javascript,5
csp,php,3
css,c#,6
css,java,13
css,javascript,876
css,php,57
css,python,34
css-modules,css,2
css-modules,gatsby,1
css-modules,sass,5
css-modules,typescript,2
css-modules,webpack,4
dagger,dependency-injection,4
dagger,gradle,1
dagger,java,3
dagger,kotlin,3
dart,android-studio,18
dart,api,14
dart,c#,2
dart,css,2
dart,firebase,88
dart,flutter,1102
dart,git,4
dart,java,5
dart,json,18
dart,kotlin,4
dart,linux,1
dart,mongodb,3
dart,mysql,1
dart,php,1
dart,postgresql,2
dart,python,4
dart,rest,4
dart,sqlite,10
dart,windows,3
dart-pub,android-studio,1
dart-pub,dart,9
dart-pub,firebase,1
dart-pub,flutter,14
data-binding,angular,3
data-binding,c#,22
data-binding,typescript,2
data-management,postgresql,1
database-indexes,postgresql,1
datadog,azure,1
datadog,go,1
datadog,json,1
datadog,kotlin,1
datadog,kubernetes,4
datadog,monitoring,2
datadog,postgresql,2
datadog,prometheus,1
datadog,python,1
datadog,terraform,3
datadog,tomcat,1
debian,ansible,2
debian,apache,1
debian,dns,4
debian,docker,7
debian,git,2
debian,github,1
debian,java,1
debian,kubernetes,1
debian,linux,21
debian,mariadb,1
debian,mongodb,1
debian,mysql,2
debian,networking,1
debian,nginx,1
debian,php,4
debian,postgresql,2
debian,python,7
debian,ruby,1
debian,rust,3
debian,smtp,1
debian,ssh,1
defi,blockchain,1
defi,chainlink,1
defi,solana,1
defi,truffle,1
defi,web3js,1
dependency-injection,angular,5
dependency-injection,api,1
dependency-injection,async-await,2
dependency-injection,authentication,3
dependency-injection,azure,1
dependency-injection,c#,46
dependency-injection,dart,1
dependency-injection,design-patterns,3
dependency-injection,flutter,1
dependency-injection,go,1
dependency-injection,gradle,1
dependency-injection,intellij-idea,1
dependency-injection,java,15
dependency-injection,javascript,2
dependency-injection,kotlin,8
dependency-injection,mongodb,1
dependency-injection,multithreading,2
dependency-injection,mysql,2
dependency-injection,npm,1
dependency-injection,oop,3
dependency-injection,php,9
dependency-injection,postgresql,1
dependency-injection,python,4
dependency-injection,testing,2
dependency-injection,typescript,5
dependency-injection,unit-testing,1
deployment,angular,9
deployment,apache,2
deployment,api,3
deployment,authentication,1
deployment,azure,8
deployment,azure-devops,1
deployment,c#,4
deployment,css,5
deployment,dart,1
deployment,docker,7
deployment,firebase,4
deployment,flutter,2
deployment,git,3
deployment,github,12
deployment,heroku,17
deployment,http,1
deployment,intellij-idea,1
deployment,java,6
deployment,javascript,18
deployment,jenkins,1
deployment,kubernetes,5
deployment,linux,2
deployment,mongodb,3
deployment,networking,1
deployment,nginx,8
deployment,npm,3
deployment,php,6
deployment,postgresql,5
deployment,powershell,2
deployment,python,27
deployment,react-native,1
deployment,rest,2
deployment,ruby,2
deployment,sass,1
deployment,security,1
deployment,tomcat,3
deployment,typescript,3
deployment,ubuntu,4
deployment,webpack,1
deployment,windows,1
design-patterns,angular,1
design-patterns,c#,6
design-patterns,flutter,1
design-patterns,go,2
design-patterns,java,11
design-patterns,javascript,4
design-patterns,kotlin,2
design-patterns,oop,13
design-patterns,oracle,1
design-patterns,python,9
design-patterns,rest,2
design-patterns,testing,2
design-patterns,typescript,6
design-patterns,unit-testing,1
design-principles,javascript,1
design-principles,php,1
design-principles,solid-principles,2
dmarc,spf,1
dns,ansible,1
dns,apache,1
dns,azure,4
dns,deployment,1
dns,docker,7
dns,elasticsearch,1
dns,firebase,2
dns,github,3
dns,https,2
dns,java,2
dns,kubernetes,4
dns,linux,4
dns,mongodb,1
dns,networking,9
dns,nginx,2
dns,php,1
dns,powershell,2
dns,python,2
dns,security,1
dns,sockets,1
dns,windows,2
docker,angular,21
docker,azure,24
docker,c#,28
docker,css,1
docker,firebase,1
docker,flutter,4
docker,git,7
docker,java,57
docker,javascript,11
docker,json,3
docker,linux,68
docker,mongodb,32
docker,multithreading,1
docker,mysql,40
docker,oracle,6
docker,php,47
docker,postgresql,67
docker,python,151
docker,react-native,1
docker,ruby,3
docker,typescript,7
docker,windows,36
docker-swarm,docker,15
docker-swarm,ethereum,2
docker-swarm,gitlab,1
docker-swarm,kubernetes,1
docker-swarm,linux,1
docker-swarm,python,1
docker-swarm,windows,1
dom,ajax,1
dom,angular,5
dom,c#,1
dom,css,11
dom,java,1
dom,javascript,85
dom,json,1
dom,php,3
dom,python,3
dom,security,1
dom,typescript,2
dom,variables,1
domain-driven-design,api,1
domain-driven-design,architecture,2
domain-driven-design,c#,7
domain-driven-design,design-patterns,3
domain-driven-design,flutter,1
domain-driven-design,go,1
domain-driven-design,java,2
domain-driven-design,javascript,1
domain-driven-design,microservices,1
domain-driven-design,mongodb,1
elastic-stack,architecture,1
elastic-stack,docker,2
elastic-stack,elasticsearch,31
elastic-stack,java,2
elastic-stack,kubernetes,3
elastic-stack,php,1
elastic-stack,python,1
elastic-stack,ruby,1
elasticsearch,api,1
elasticsearch,azure,2
elasticsearch,c#,4
elasticsearch,docker,13
elasticsearch,firebase,1
elasticsearch,go,1
elasticsearch,http,4
elasticsearch,java,29
elasticsearch,javascript,3
elasticsearch,json,4
elasticsearch,mongodb,3
elasticsearch,php,3
elasticsearch,postgresql,1
elasticsearch,python,15
elasticsearch,react-native,2
elasticsearch,rest,1
elasticsearch,ruby,3
elasticsearch,typescript,1
elasticsearch,ubuntu,2
electron,angular,7
electron,architecture,1
electron,css,5
electron,firebase,1
electron,flutter,1
electron,github,1
electron,go,1
electron,javascript,56
electron,json,1
electron,kotlin,1
electron,linux,2
electron,mysql,4
electron,npm,6
electron,php,1
electron,python,3
electron,react-native,2
electron,rust,1
electron,sass,1
electron,security,1
electron,sqlite,5
electron,testing,1
electron,typescript,11
electron,variables,1
electron,webpack,8
electron,windows,8
emacs,rust,2
emacs,ubuntu,1
emotion,css,3
emotion,dom,1
emotion,javascript,2
emotion,material-ui,3
emotion,npm,1
emotion,styled-components,2
esbuild,angular,1
esbuild,aws-cdk,1
esbuild,css,1
esbuild,javascript,2
esbuild,pnpm,1
esbuild,postcss,1
esbuild,sass,1
esbuild,styled-components,1
esbuild,typescript,6
esbuild,vite,2
esbuild,webpack,3
eslint,angular,2
eslint,components,1
eslint,css,1
eslint,intellij-idea,1
eslint,javascript,21
eslint,npm,2
eslint,react-native,2
eslint,typescript,21
eslint,webpack,4
ethereum,angular,1
ethereum,api,2
ethereum,c#,2
ethereum,cryptography,1
ethereum,docker,4
ethereum,go,1
ethereum,graphql,1
ethereum,javascript,7
ethereum,php,1
ethereum,python,5
ethereum,rest,1
ethereum,rust,3
ethereum,testing,1
ethereum,transactions,1
ethereum,unit-testing,1
event-sourcing,architecture,1
event-sourcing,c#,2
event-sourcing,cqrs,6
event-sourcing,domain-driven-design,2
event-sourcing,mongodb,1
event-sourcing,python,1
fantom,ethereum,1
fantom,web3js,1
fetch-api,ajax,2
fetch-api,api,3
fetch-api,async-await,3
fetch-api,cors,6
fetch-api,css,1
fetch-api,dart,1
fetch-api,docker,1
fetch-api,firebase,1
fetch-api,flutter,1
fetch-api,http,1
fetch-api,https,1
fetch-api,javascript,50
fetch-api,json,4
fetch-api,material-ui,1
fetch-api,php,3
fetch-api,python,1
fetch-api,react-native,7
fetch-api,typescript,3
figma,android-studio,1
figma,angular,1
figma,css,4
figma,dart,1
figma,flutter,1
figma,typescript,1
firebase,angular,42
firebase,c#,7
firebase,css,3
firebase,flutter,279
firebase,java,39
firebase,javascript,152
firebase,json,9
firebase,mysql,1
firebase,php,8
firebase,python,18
firebase,typescript,37
firebase,windows,2
firebase-analytics,firebase,4
firebase-analytics,flutter,4
firebase-analytics,google-analytics,2
firebase-analytics,javascript,1
firebase-analytics,react-native,2
firebase-app-distribution,firebase,1
flutter,c#,5
flutter,css,5
flutter,java,30
flutter,javascript,3
flutter,json,25
flutter,linux,10
flutter,mongodb,4
flutter,mysql,5
flutter,php,7
flutter,postgresql,3
flutter,python,12
flutter,ruby,1
flutter,typescript,1
flutter,windows,13
flutter-pub,dart-pub,1
flutter-pub,flutter,1
fonts,angular,1
fonts,css,9
fonts,dart,1
fonts,deployment,1
fonts,flutter,1
fonts,github,1
fonts,go,1
fonts,java,3
fonts,javascript,3
fonts,json,1
fonts,kotlin,1
fonts,php,2
fonts,powershell,1
fonts,python,6
fonts,react-native,3
fonts,security,1
fonts,vim,1
fonts,webpack,1
forward-proxy,docker,1
forward-proxy,nginx,1
freebsd,python,1
freebsd,sockets,1
ftp,c#,1
ftp,docker,3
ftp,javascript,1
ftp,linux,1
ftp,php,1
ftp,powershell,2
ftp,python,6
ftp,react-native,1
ftp,rest,1
ftp,ssh,1
ftp,ubuntu,1
ftp,unix,1
ftp,windows,1
functional-programming,c#,1
functional-programming,dart,1
functional-programming,dependency-injection,2
functional-programming,design-patterns,1
functional-programming,flutter,1
functional-programming,java,1
functional-programming,javascript,2
functional-programming,kotlin,1
functional-programming,oop,1
functional-programming,python,7
functional-programming,typescript,6
functional-testing,gradle,1
functional-testing,python,1
functional-testing,testing,1
fvm,flutter,2
gatsby,css,3
gatsby,firebase,1
gatsby,graphql,4
gatsby,javascript,3
gatsby,npm,4
gatsby,sass,1
gatsby,typescript,4
gatsby,webpack,3
gcc,docker,1
gcc,linux,13
gcc,multithreading,1
gcc,python,1
gcc,sqlite,1
gcc,ubuntu,2
gcc,unit-testing,1
gcc,unix,1
gcc,windows,3
git,angular,2
git,c#,4
git,css,2
git,flutter,8
git,java,5
git,javascript,9
git,linux,9
git,mysql,1
git,php,4
git,python,18
git,ruby,1
git,typescript,1
git,windows,12
github,api,5
github,authentication,6
github,azure,5
github,c#,1
github,css,6
github,dart,2
github,docker,9
github,firebase,2
github,flutter,9
github,git,161
github,go,3
github,java,7
github,javascript,17
github,kotlin,1
github,kubernetes,2
github,linux,2
github,mysql,1
github,php,1
github,powershell,4
github,python,30
github,react-native,1
github,rest,1
github,security,1
github,sqlite,1
github,typescript,6
github,ubuntu,5
github-actions,angular,2
github-actions,azure,14
github-actions,azure-devops,1
github-actions,c#,1
github-actions,deployment,5
github-actions,docker,27
github-actions,firebase,2
github-actions,flutter,2
github-actions,git,19
github-actions,github,124
github-actions,gitlab,4
github-actions,go,2
github-actions,gradle,1
github-actions,java,4
github-actions,javascript,2
github-actions,jenkins,1
github-actions,json,2
github-actions,kotlin,1
github-actions,kubernetes,4
github-actions,linux,3
github-actions,npm,5
github-actions,php,1
github-actions,powershell,8
github-actions,python,17
github-actions,react-native,1
github-actions,ruby,1
github-actions,security,1
github-actions,ssh,2
github-actions,terraform,8
github-actions,typescript,3
github-actions,ubuntu,4
github-actions,variables,4
github-actions,windows,4
gitlab,ansible,1
gitlab,api,1
gitlab,authentication,2
gitlab,azure,3
gitlab,azure-devops,2
gitlab,c#,2
gitlab,docker,23
gitlab,git,40
gitlab,github,9
gitlab,gradle,2
gitlab,graphql,3
gitlab,java,2
gitlab,jenkins,5
gitlab,json,2
gitlab,kotlin,1
gitlab,kubernetes,3
gitlab,linux,1
gitlab,mongodb,1
gitlab,mysql,1
gitlab,networking,2
gitlab,nginx,3
gitlab,npm,3
gitlab,oauth,1
gitlab,php,2
gitlab,postgresql,1
gitlab,powershell,1
gitlab,python,10
gitlab,redis,1
gitlab,rest,1
gitlab,ruby,1
gitlab,security,1
gitlab,ssh,5
gitlab,terraform,4
gitlab,tomcat,1
gitlab,ubuntu,2
gitlab,unit-testing,1
gitlab,windows,2
gitlab-ci,angular,1
gitlab-ci,architecture,1
gitlab-ci,azure,2
gitlab-ci,azure-devops,1
gitlab-ci,c#,1
gitlab-ci,docker,13
gitlab-ci,firebase,1
gitlab-ci,flutter,1
gitlab-ci,git,5
gitlab-ci,github,1
gitlab-ci,github-actions,2
gitlab-ci,gitlab,54
gitlab-ci,gradle,2
gitlab-ci,java,2
gitlab-ci,kotlin,1
gitlab-ci,kubernetes,2
gitlab-ci,linux,1
gitlab-ci,mongodb,1
gitlab-ci,mysql,1
gitlab-ci,npm,1
gitlab-ci,python,5
gitlab-ci,security,1
gitlab-ci,terraform,3
gitlab-ci,typescript,1
gitlab-ci,unit-testing,1
go,api,6
go,authentication,5
go,azure,4
go,dart,1
go,docker,22
go,firebase,2
go,flutter,2
go,git,2
go,javascript,5
go,json,15
go,kotlin,1
go,linux,7
go,mongodb,12
go,multithreading,1
go,mysql,7
go,php,1
go,postgresql,13
go,python,4
go,rest,1
go,sqlite,1
go,unit-testing,7
go,windows,6
google-analytics,api,3
google-analytics,authentication,1
google-analytics,c#,1
google-analytics,firebase,7
google-analytics,javascript,9
google-analytics,json,1
google-analytics,php,2
google-analytics,python,2
google-analytics,react-native,1
google-analytics,redux,1
google-analytics,rest,2
gradle,android-studio,41
gradle,angular,1
gradle,api,1
gradle,authentication,1
gradle,dart,13
gradle,docker,7
gradle,firebase,3
gradle,flutter,48
gradle,git,4
gradle,github,1
gradle,java,120
gradle,javascript,3
gradle,kotlin,58
gradle,kubernetes,1
gradle,linux,1
gradle,mysql,2
gradle,postgresql,2
gradle,react-native,12
gradle,sqlite,1
gradle,typescript,1
gradle,ubuntu,1
grafana,api,1
grafana,azure,2
grafana,azure-devops,1
grafana,docker,3
grafana,elasticsearch,1
grafana,github,1
grafana,github-actions,1
grafana,grpc,1
grafana,http,1
grafana,https,1
grafana,java,1
grafana,json,1
grafana,kubernetes,6
grafana,mongodb,2
grafana,nginx,1
grafana,postgresql,5
grafana,prometheus,38
grafana,python,4
grafana,redis,1
grafana,typescript,2
graphql,angular,2
graphql,api,15
graphql,async-await,1
graphql,authentication,3
graphql,c#,14
graphql,dart,2
graphql,dependency-injection,1
graphql,docker,2
graphql,flutter,3
graphql,git,1
graphql,github,5
graphql,go,2
graphql,heroku,2
graphql,intellij-idea,1
graphql,java,13
graphql,javascript,33
graphql,json,3
graphql,kotlin,3
graphql,kubernetes,1
graphql,mongodb,3
graphql,mysql,1
graphql,npm,1
graphql,php,2
graphql,postgresql,6
graphql,python,9
graphql,react-native,5
graphql,redux,1
graphql,rest,2
graphql,ruby,4
graphql,rust,1
graphql,typescript,14
graphql,variables,2
graphql,webpack,1
grpc,angular,1
grpc,api,1
grpc,authentication,1
grpc,azure,1
grpc,c#,11
grpc,debian,1
grpc,dependency-injection,1
grpc,docker,3
grpc,electron,1
grpc,go,7
grpc,gradle,1
grpc,http,2
grpc,java,5
grpc,json,1
grpc,jwt,1
grpc,linux,1
grpc,microservices,2
grpc,mysql,2
grpc,nginx,1
grpc,python,12
grpc,redis,1
grpc,rust,2
grpc,terraform,1
grpc,tomcat,1
grpc,typescript,1
grpc,windows,1
hardhat,blockchain,4
hardhat,ethereum,4
hardhat,javascript,5
hardhat,polygon,1
hardhat,solidity,13
hardhat,ssh,1
hardhat,web3js,1
hateoas,java,1
hateoas,rest,2
hbase,java,1
hbase,unit-testing,1
hero,css,1
heroku,api,2
heroku,authentication,3
heroku,docker,3
heroku,firebase,1
heroku,git,3
heroku,github,1
heroku,java,4
heroku,javascript,6
heroku,kotlin,1
heroku,kubernetes,1
heroku,mongodb,1
heroku,mysql,3
heroku,npm,2
heroku,postgresql,4
heroku,python,22
heroku,react-native,1
heroku,ruby,7
heroku,typescript,2
heroku,ubuntu,1
hosting,angular,2
hosting,apache,1
hosting,api,2
hosting,c#,2
hosting,cors,1
hosting,css,4
hosting,deployment,3
hosting,design-patterns,1
hosting,dns,2
hosting,firebase,4
hosting,flutter,1
hosting,gatsby,1
hosting,graphql,1
hosting,http,1
hosting,https,1
hosting,javascript,2
hosting,mysql,1
hosting,php,3
hosting,typescript,1
hosting,ubuntu,1
http,ajax,2
http,angular,16
http,apache,1
http,api,25
http,authentication,2
http,azure,2
http,c#,7
http,dart,12
http,docker,3
http,firebase,1
http,flutter,23
http,go,10
http,java,21
http,javascript,19
http,json,8
http,linux,2
http,mongodb,1
http,multithreading,1
http,mysql,1
http,oracle,1
http,php,7
http,postgresql,1
http,python,18
http,rest,12
http,typescript,9
https,angular,3
https,apache,5
https,api,4
https,c#,2
https,css,1
https,docker,7
https,flutter,3
https,http,13
https,java,3
https,javascript,3
https,kotlin,2
https,linux,1
https,networking,1
https,nginx,8
https,php,1
https,python,8
https,rest,1
https,rust,1
https,security,4
https,tomcat,1
https,windows,1
hugo,docker,1
hugo,git,1
hugo,github,1
hugo,github-actions,1
hugo,gitlab,1
hugo,gitlab-ci,1
hugo,google-analytics,1
hugo,linux,1
immutability,azure,1
immutability,c#,1
immutability,java,1
immutability,javascript,1
immutability,python,1
immutability,rust,1
immutability,typescript,1
influxdb,azure,1
influxdb,grafana,7
influxdb,java,2
influxdb,kubernetes,1
influxdb,monitoring,1
influxdb,nginx,1
influxdb,postgresql,1
influxdb,python,3
infura,blockchain,1
infura,ethereum,1
infura,truffle,1
instrumentation,angular,1
instrumentation,code-coverage,1
instrumentation,java,2
instrumentation,javascript,1
instrumentation,monitoring,1
instrumentation,prometheus,1
instrumentation,python,1
integration-testing,azure,1
integration-testing,c#,6
integration-testing,dependency-injection,1
integration-testing,docker,2
integration-testing,flutter,3
integration-testing,java,8
integration-testing,javascript,1
integration-testing,networking,1
integration-testing,react-native,1
integration-testing,testing,2
integration-testing,unit-testing,1
intellij-idea,android-studio,6
intellij-idea,angular,3
intellij-idea,api,1
intellij-idea,authentication,1
intellij-idea,azure,1
intellij-idea,dart,1
intellij-idea,docker,3
intellij-idea,elasticsearch,1
intellij-idea,git,3
intellij-idea,github,1
intellij-idea,go,2
intellij-idea,gradle,26
intellij-idea,java,87
intellij-idea,javascript,1
intellij-idea,kotlin,11
intellij-idea,linux,1
intellij-idea,mysql,1
intellij-idea,npm,3
intellij-idea,postgresql,1
intellij-idea,python,1
intellij-idea,sqlite,1
intellij-idea,tomcat,2
intellij-idea,typescript,5
istio,azure,1
istio,deployment,1
istio,kubernetes,12
istio,microservices,1
istio,mysql,1
jaeger,docker,1
jaeger,elasticsearch,2
jaeger,monitoring,1
jaeger,networking,1
jaeger,rust,1
jaeger,security,1
java,javascript,57
java,python,28
jekyll,css,2
jekyll,dom,1
jekyll,github,4
jekyll,github-actions,1
jekyll,npm,1
jekyll,ruby,3
jekyll,seo,2
jenkins,android-studio,3
jenkins,angular,3
jenkins,apache,2
jenkins,authentication,1
jenkins,azure,2
jenkins,docker,20
jenkins,flutter,3
jenkins,git,18
jenkins,github,8
jenkins,go,2
jenkins,gradle,3
jenkins,java,22
jenkins,javascript,1
jenkins,kubernetes,6
jenkins,linux,6
jenkins,mysql,2
jenkins,nginx,1
jenkins,powershell,3
jenkins,python,11
jenkins,ruby,1
jenkins,security,1
jenkins,ubuntu,5
jenkins,variables,1
jenkins,windows,5
json,c#,96
json,css,4
json,java,73
json,javascript,159
json,mysql,14
json,php,35
json,python,178
junit,android-studio,1
junit,azure,1
junit,gradle,3
junit,intellij-idea,2
junit,java,74
junit,jenkins,3
junit,json,1
junit,kotlin,6
junit,oracle,1
junit,testing,8
junit,unit-testing,15
jwt,angular,8
jwt,api,6
jwt,authentication,33
jwt,azure,5
jwt,c#,19
jwt,docker,1
jwt,firebase,1
jwt,flutter,1
jwt,github,2
jwt,go,2
jwt,graphql,2
jwt,http,1
jwt,java,24
jwt,javascript,18
jwt,json,2
jwt,kotlin,2
jwt,mongodb,9
jwt,nginx,1
jwt,npm,2
jwt,oauth,2
jwt,php,8
jwt,python,6
jwt,rust,1
jwt,security,9
jwt,typescript,6
jwt,unit-testing,3
koin,dependency-injection,2
koin,kotlin,2
kotlin,android-studio,97
kotlin,angular,1
kotlin,api,6
kotlin,azure,2
kotlin,c#,3
kotlin,docker,1
kotlin,firebase,51
kotlin,flutter,17
kotlin,java,164
kotlin,javascript,13
kotlin,json,17
kotlin,mongodb,8
kotlin,multithreading,3
kotlin,mysql,2
kotlin,postgresql,6
kotlin,python,6
kotlin,react-native,4
kotlin,rest,2
kotlin,sqlite,5
kotlin,typescript,1
kubernetes,angular,2
kubernetes,apache,1
kubernetes,authentication,1
kubernetes,azure,18
kubernetes,c#,2
kubernetes,docker,71
kubernetes,elasticsearch,8
kubernetes,git,2
kubernetes,go,10
kubernetes,java,21
kubernetes,javascript,3
kubernetes,json,2
kubernetes,kotlin,1
kubernetes,linux,9
kubernetes,mongodb,2
kubernetes,mysql,6
kubernetes,oracle,1
kubernetes,php,5
kubernetes,postgresql,4
kubernetes,powershell,1
kubernetes,python,17
kubernetes,sockets,2
kubernetes,ubuntu,1
kubernetes,windows,7
lighthouse,javascript,1
linode,docker,1
linode,kubernetes,2
linode,mysql,1
linode,python,1
linux,angular,1
linux,c#,12
linux,java,21
linux,javascript,6
linux,json,1
linux,mysql,7
linux,php,19
linux,python,68
linux,ruby,2
loki,grafana,2
loki,kubernetes,1
mantine,css,2
mantine,emotion,1
mantine,javascript,1
mantine,npm,1
mariadb,android-studio,1
mariadb,api,1
mariadb,c#,1
mariadb,docker,11
mariadb,java,4
mariadb,javascript,3
mariadb,json,3
mariadb,junit,1
mariadb,kubernetes,2
mariadb,linux,2
mariadb,mysql,38
mariadb,nginx,1
mariadb,php,11
mariadb,python,6
mariadb,transactions,1
mariadb,ubuntu,2
mariadb,windows,2
material-ui,angular,1
material-ui,css,38
material-ui,dart,1
material-ui,deployment,1
material-ui,dom,1
material-ui,flutter,3
material-ui,heroku,1
material-ui,java,2
material-ui,javascript,97
material-ui,json,3
material-ui,kotlin,3
material-ui,mongodb,1
material-ui,npm,3
material-ui,redux,1
material-ui,sass,2
material-ui,typescript,36
md5,c#,1
md5,cryptography,1
md5,java,1
md5,php,1
md5,postgresql,1
md5,powershell,1
md5,python,2
memcached,linux,1
memcached,mongodb,1
memory-management,c#,2
memory-management,gcc,1
memory-management,kubernetes,1
memory-management,linux,6
memory-management,multithreading,1
memory-management,python,12
memory-management,rust,2
memory-management,windows,1
microservices,angular,1
microservices,architecture,6
microservices,azure,1
microservices,c#,2
microservices,design-patterns,3
microservices,docker,3
microservices,firebase,1
microservices,go,1
microservices,gradle,2
microservices,graphql,1
microservices,http,2
microservices,intellij-idea,1
microservices,java,20
microservices,jwt,3
microservices,kubernetes,2
microservices,linux,1
microservices,mongodb,1
microservices,neo4j,2
microservices,php,1
microservices,postgresql,1
microservices,python,4
microservices,rabbitmq,4
microservices,react-native,1
microservices,rest,2
microservices,security,1
microservices,terraform,1
microservices,transactions,1
microservices,typescript,2
mixpanel,javascript,1
mongodb,angular,7
mongodb,c#,16
mongodb,css,2
mongodb,java,50
mongodb,javascript,136
mongodb,json,7
mongodb,linux,6
mongodb,mysql,2
mongodb,php,6
mongodb,python,38
mongodb,ruby,3
mongodb,typescript,23
monitoring,api,1
monitoring,azure,1
monitoring,c#,1
monitoring,docker,2
monitoring,elasticsearch,1
monitoring,grafana,3
monitoring,javascript,1
monitoring,kubernetes,2
monitoring,linux,1
monitoring,mongodb,1
monitoring,multithreading,1
monitoring,postgresql,2
monitoring,prometheus,8
monitoring,terraform,1
moralis,api,1
moralis,cors,1
moralis,ethereum,1
moralis,firebase,1
moralis,hardhat,1
multithreading,c#,36
multithreading,java,56
multithreading,javascript,4
multithreading,linux,12
multithreading,mysql,1
multithreading,python,80
multithreading,ruby,2
multithreading,windows,1
mysql,c#,32
mysql,css,8
mysql,java,86
mysql,javascript,54
mysql,php,237
mysql,python,91
nagios,monitoring,1
nagios,python,1
nagios,windows,1
nativescript,angular,2
nativescript,firebase,2
navigation,angular,2
navigation,authentication,1
navigation,c#,2
navigation,css,5
navigation,dart,3
navigation,dependency-injection,1
navigation,firebase,1
navigation,flutter,10
navigation,java,3
navigation,javascript,5
navigation,kotlin,6
navigation,php,2
navigation,react-native,9
navigation,typescript,3
neo4j,api,1
neo4j,authentication,1
neo4j,docker,4
neo4j,java,2
neo4j,javascript,2
neo4j,kubernetes,1
neo4j,python,6
neo4j,typescript,1
networking,android-studio,1
networking,apache,1
networking,api,4
networking,azure,4
networking,c#,6
networking,docker,25
networking,flutter,1
networking,git,1
networking,github,2
networking,go,2
networking,http,3
networking,java,7
networking,javascript,1
networking,kotlin,1
networking,kubernetes,9
networking,linux,21
networking,mysql,3
networking,nginx,2
networking,postgresql,1
networking,powershell,2
networking,python,18
networking,react-native,1
networking,rest,2
networking,security,3
networking,sockets,13
networking,ubuntu,6
networking,unix,1
networking,webpack,1
networking,windows,6
nginx,ajax,2
nginx,angular,21
nginx,apache,4
nginx,api,5
nginx,authentication,1
nginx,azure,8
nginx,c#,5
nginx,css,1
nginx,docker,73
nginx,elasticsearch,2
nginx,firebase,1
nginx,flutter,1
nginx,git,2
nginx,go,1
nginx,http,4
nginx,java,6
nginx,javascript,6
nginx,json,1
nginx,kubernetes,26
nginx,linux,10
nginx,php,34
nginx,postgresql,2
nginx,python,16
nginx,rest,1
nginx,ruby,2
nginx,ubuntu,14
nginx,windows,3
nomad,prometheus,1
nomad,terraform,2
nomad,vault,1
normalization,json,1
normalization,python,6
npm,android-studio,1
npm,angular,38
npm,azure,2
npm,c#,1
npm,css,5
npm,docker,16
npm,firebase,4
npm,flutter,1
npm,git,8
npm,github,6
npm,go,1
npm,gradle,2
npm,java,1
npm,javascript,89
npm,jenkins,1
npm,json,3
npm,kotlin,1
npm,kubernetes,1
npm,linux,3
npm,mongodb,2
npm,mysql,2
npm,postgresql,2
npm,powershell,2
npm,python,2
npm,react-native,18
npm,security,2
npm,sockets,1
npm,sqlite,1
npm,testing,1
npm,typescript,38
npm,ubuntu,2
npm,windows,3
oauth,angular,2
oauth,api,9
oauth,authentication,6
oauth,azure,2
oauth,c#,3
oauth,docker,1
oauth,firebase,5
oauth,flutter,4
oauth,github,2
oauth,http,1
oauth,java,1
oauth,javascript,3
oauth,npm,1
oauth,php,2
oauth,powershell,1
oauth,python,4
oauth,react-native,1
oauth,rust,1
oauth,ubuntu,1
observability,go,1
observability,mysql,1
observability,prometheus,1
oop,angular,1
oop,authentication,1
oop,c#,11
oop,dart,4
oop,flutter,4
oop,java,33
oop,javascript,11
oop,json,1
oop,kotlin,2
oop,linux,1
oop,php,11
oop,python,50
oop,sqlite,1
oop,typescript,3
oop,unit-testing,1
opacity,css,2
opacity,flutter,1
openbsd,linux,1
openbsd,npm,1
openid,authentication,1
openid,azure,1
openid,c#,1
openid,docker,1
openid,jwt,1
openid,python,1
openzeppelin,blockchain,1
openzeppelin,ethereum,1
openzeppelin,solidity,2
openzeppelin,unit-testing,1
operators,c#,1
operators,java,1
operators,javascript,1
operators,kubernetes,1
operators,mysql,2
operators,php,1
operators,postgresql,1
operators,python,3
operators,rust,1
oracle,c#,11
oracle,css,1
oracle,java,26
oracle,javascript,7
oracle,json,13
oracle,linux,4
oracle,mysql,2
oracle,postgresql,1
oracle,python,13
parcel,azure,1
parcel,javascript,3
parcel,npm,2
parcel,sass,1
parcel,typescript,2
php,c#,4
php,java,9
php,javascript,265
php,python,16
pnpm,deployment,1
pnpm,github-actions,1
pnpm,linux,1
pnpm,npm,2
pnpm,react-native,1
pnpm,svelte,1
pnpm,typescript,7
pnpm,webpack,1
polygon,angular,1
polygon,blockchain,2
polygon,c#,2
polygon,css,1
polygon,javascript,2
polygon,json,1
polygon,python,8
polygon,solidity,2
polygon,testing,1
posix,dart,1
posix,flutter,1
posix,linux,2
posix,memory-management,1
posix,multithreading,1
posix,php,1
posix,python,1
postcss,css,4
postcss,gatsby,1
postcss,javascript,1
postcss,rollup,1
postcss,sass,2
postcss,typescript,1
postcss,vite,2
postgresql,ajax,1
postgresql,angular,2
postgresql,c#,22
postgresql,java,70
postgresql,javascript,23
postgresql,json,22
postgresql,linux,4
postgresql,mongodb,2
postgresql,mysql,6
postgresql,php,11
postgresql,python,93
postgresql,ruby,10
postgresql,typescript,10
powershell,azure,51
powershell,c#,22
powershell,css,1
powershell,docker,7
powershell,flutter,2
powershell,git,2
powershell,java,2
powershell,javascript,2
powershell,json,13
powershell,linux,3
powershell,multithreading,1
powershell,php,2
powershell,python,17
powershell,ruby,1
powershell,windows,62
prettier,angular,1
prettier,css,1
prettier,eslint,12
prettier,github,1
prettier,intellij-idea,1
prettier,javascript,6
prettier,npm,1
prettier,react-native,1
prettier,typescript,3
prettier,webpack,1
prometheus,api,1
prometheus,azure,2
prometheus,c#,1
prometheus,docker,4
prometheus,elasticsearch,1
prometheus,github,1
prometheus,github-actions,1
prometheus,go,2
prometheus,https,1
prometheus,java,4
prometheus,json,2
prometheus,kubernetes,16
prometheus,mongodb,2
prometheus,mysql,1
prometheus,postgresql,1
prometheus,python,8
prometheus,terraform,2
provider,android-studio,1
provider,api,1
provider,async-await,1
provider,bloc,1
provider,dart,8
provider,firebase,2
provider,flutter,13
provider,javascript,1
provider,sqlite,1
provider,terraform,1
provider,typescript,1
provider,web3js,1
pulumi,azure,2
pulumi,docker,2
pulumi,github-actions,1
pulumi,go,2
pulumi,javascript,1
pulumi,python,1
puppet,docker,1
python,javascript,175
python,linux,1
rabbitmq,architecture,1
rabbitmq,c#,16
rabbitmq,docker,6
rabbitmq,go,1
rabbitmq,http,1
rabbitmq,java,9
rabbitmq,javascript,2
rabbitmq,junit,1
rabbitmq,kubernetes,3
rabbitmq,linux,2
rabbitmq,multithreading,1
rabbitmq,nginx,1
rabbitmq,oauth,1
rabbitmq,php,9
rabbitmq,python,19
rabbitmq,redis,1
rabbitmq,typescript,1
rabbitmq,ubuntu,1
rabbitmq,windows,1
radix-ui,css,1
radix-ui,javascript,1
radix-ui,typescript,1
react-native,angular,2
react-native,azure,2
react-native,c#,2
react-native,css,18
react-native,firebase,55
react-native,flutter,4
react-native,java,19
react-native,javascript,267
react-native,json,7
react-native,mongodb,4
react-native,mysql,1
react-native,php,2
react-native,python,5
react-native,ruby,2
react-native,typescript,50
redis,authentication,1
redis,azure,4
redis,c#,7
redis,deployment,2
redis,docker,8
redis,elasticsearch,1
redis,heroku,4
redis,java,19
redis,javascript,10
redis,json,2
redis,kotlin,1
redis,kubernetes,3
redis,linux,1
redis,mongodb,2
redis,multithreading,1
redis,oracle,1
redis,php,5
redis,postgresql,3
redis,python,29
redis,rest,1
redis,ruby,1
redis,rust,1
redis,security,1
redis,typescript,5
redis,ubuntu,1
redis,windows,2
redux,angular,5
redux,firebase,1
redux,javascript,53
redux,json,2
redux,react-native,14
redux,testing,1
redux,typescript,23
redux,webpack,1
remix,blockchain,3
remix,ethereum,1
remix,fetch-api,2
remix,javascript,6
remix,mysql,1
remix,solidity,5
remix,typescript,1
remix,web3js,1
rest,ajax,1
rest,angular,8
rest,api,88
rest,azure,7
rest,c#,24
rest,docker,2
rest,firebase,1
rest,flutter,8
rest,java,34
rest,javascript,22
rest,json,19
rest,linux,1
rest,mongodb,1
rest,multithreading,1
rest,mysql,3
rest,php,16
rest,postgresql,3
rest,powershell,3
rest,python,28
rest,react-native,1
rest,typescript,5
rethinkdb,docker,1
rethinkdb,go,1
reverse-proxy,apache,4
reverse-proxy,azure,1
reverse-proxy,c#,2
reverse-proxy,docker,4
reverse-proxy,firebase,1
reverse-proxy,go,1
reverse-proxy,hosting,1
reverse-proxy,http,2
reverse-proxy,java,3
reverse-proxy,kubernetes,5
reverse-proxy,networking,1
reverse-proxy,nginx,15
reverse-proxy,postgresql,1
reverse-proxy,tomcat,2
rhel,ansible,1
rhel,apache,1
rhel,docker,2
rhel,java,1
rhel,jwt,1
rhel,linux,2
rhel,python,1
riverpod,dart,14
riverpod,flutter,29
riverpod,mongodb,1
riverpod,provider,2
riverpod,server-sent-events,1
riverpod,unit-testing,1
rollup,css,2
rollup,javascript,8
rollup,mariadb,1
rollup,npm,1
rollup,styled-components,1
rollup,svelte,3
rollup,typescript,8
rollup,vite,8
ruby,java,2
ruby,javascript,2
ruby,json,1
ruby,mysql,4
ruby,python,4
rust,api,3
rust,c#,2
rust,css,1
rust,docker,8
rust,flutter,3
rust,gcc,3
rust,git,1
rust,github,1
rust,heroku,1
rust,http,4
rust,java,1
rust,javascript,6
rust,json,6
rust,linux,7
rust,mongodb,4
rust,multithreading,15
rust,mysql,1
rust,networking,2
rust,postgresql,9
rust,python,7
rust,rest,1
rust,sqlite,1
rust,testing,5
rust,ubuntu,1
rust,unix,1
rust,windows,9
rxdart,dart,2
rxdart,flutter,3
saml,authentication,3
saml,azure,2
saml,cors,1
saml,github,1
saml,go,1
saml,heroku,1
saml,java,2
saml,python,1
saml,soap,1
sass,angular,35
sass,css,103
sass,docker,1
sass,java,1
sass,javascript,26
sass,npm,2
sass,ruby,1
sass,typescript,12
sass,webpack,5
sass,windows,1
security,angular,2
security,apache,4
security,api,7
security,authentication,13
security,azure,2
security,c#,5
security,css,1
security,dart,2
security,docker,7
security,elasticsearch,1
security,firebase,2
security,flutter,4
security,git,2
security,http,6
security,java,25
security,javascript,9
security,kotlin,1
security,linux,8
security,mysql,1
security,php,13
security,powershell,2
security,python,10
security,react-native,2
security,sockets,1
security,sqlite,1
security,ubuntu,1
security,windows,4
segment,analytics,1
segment,flutter,1
segment,oracle,1
segment,python,1
seo,angular,2
seo,css,1
seo,deployment,1
seo,dom,1
seo,javascript,5
seo,json,1
seo,php,3
server-sent-events,fetch-api,1
server-sent-events,flutter,1
server-sent-events,heroku,1
server-sent-events,https,1
server-sent-events,java,3
server-sent-events,javascript,4
server-sent-events,json,1
server-sent-events,kotlin,1
server-sent-events,kubernetes,1
server-sent-events,nginx,1
server-sent-events,php,2
server-sent-events,python,1
server-sent-events,typescript,1
serverless,api,2
serverless,authentication,1
serverless,design-patterns,1
serverless,docker,1
serverless,hosting,1
serverless,mongodb,4
serverless,postgresql,2
serverless,python,1
serverless,security,1
serverless,typescript,6
sftp,authentication,1
sftp,azure,4
sftp,azure-devops,1
sftp,c#,1
sftp,css,1
sftp,docker,1
sftp,ftp,6
sftp,google-analytics,1
sftp,java,3
sftp,kotlin,1
sftp,kubernetes,1
sftp,linux,1
sftp,php,1
sftp,powershell,3
sftp,python,7
sftp,ssh,3
sftp,ubuntu,1
shadow-dom,angular,2
shadow-dom,c#,1
shadow-dom,css,4
shadow-dom,javascript,2
shadow-dom,python,1
smtp,angular,1
smtp,authentication,1
smtp,c#,6
smtp,dns,1
smtp,docker,1
smtp,git,1
smtp,go,2
smtp,java,4
smtp,javascript,1
smtp,linux,2
smtp,php,13
smtp,powershell,2
smtp,python,12
smtp,tomcat,1
soa,json,1
soa,rest,1
soap,api,6
soap,authentication,1
soap,azure,1
soap,c#,8
soap,dart,1
soap,flutter,1
soap,java,19
soap,javascript,3
soap,kotlin,1
soap,mysql,1
soap,nginx,1
soap,php,8
soap,python,6
soap,rest,1
sockets,api,1
sockets,c#,7
sockets,flutter,1
sockets,go,1
sockets,http,3
sockets,java,10
sockets,javascript,9
sockets,json,2
sockets,kotlin,1
sockets,linux,10
sockets,multithreading,9
sockets,php,3
sockets,powershell,1
sockets,python,45
sockets,ruby,1
sockets,sqlite,1
sockets,typescript,1
sockets,unit-testing,1
solana,api,1
solana,blockchain,1
solana,javascript,1
solana,react-native,1
solana,rust,2
solana,web3js,2
solid-principles,dependency-injection,1
solid-principles,design-patterns,1
solid-principles,functional-programming,1
solid-principles,java,1
solid-principles,javascript,2
solid-principles,php,1
solid-principles,python,1
solidity,api,1
solidity,blockchain,30
solidity,c#,1
solidity,cryptography,1
solidity,docker,1
solidity,ethereum,33
solidity,javascript,13
solidity,php,1
solidity,python,4
solidity,testing,2
solidity,transactions,2
solidity,typescript,3
solidity,unit-testing,1
solr,ajax,1
solr,api,1
solr,docker,1
solr,elasticsearch,1
solr,go,1
solr,java,1
solr,javascript,1
solr,json,1
solr,oracle,1
solr,python,3
splunk,docker,1
splunk,java,1
splunk,security,1
sqlite,api,1
sqlite,azure,2
sqlite,c#,20
sqlite,docker,5
sqlite,flutter,24
sqlite,java,12
sqlite,javascript,9
sqlite,json,4
sqlite,linux,4
sqlite,multithreading,1
sqlite,oracle,1
sqlite,php,1
sqlite,postgresql,4
sqlite,powershell,1
sqlite,python,84
sqlite,react-native,9
sqlite,typescript,3
sqlite,windows,2
ssh,authentication,2
ssh,azure,2
ssh,c#,4
ssh,docker,7
ssh,gcc,1
ssh,git,19
ssh,github,9
ssh,go,4
ssh,heroku,1
ssh,java,1
ssh,jenkins,3
ssh,kubernetes,2
ssh,linux,15
ssh,mysql,3
ssh,networking,1
ssh,npm,2
ssh,php,1
ssh,postgresql,1
ssh,powershell,4
ssh,python,18
ssh,rust,1
ssh,security,1
ssh,sockets,1
ssh,testing,1
ssh,ubuntu,7
ssh,windows,4
static-analysis,c#,1
static-analysis,gcc,1
static-analysis,go,1
static-analysis,php,1
storage,api,1
storage,azure,2
storage,c#,2
storage,deployment,1
storage,firebase,1
storage,flutter,1
storage,javascript,3
storage,kotlin,2
storage,linux,3
storage,powershell,1
storage,python,1
storage,security,1
storage,unit-testing,1
storage,windows,2
styled-components,c#,1
styled-components,css,10
styled-components,dom,1
styled-components,eslint,1
styled-components,javascript,9
styled-components,json,1
styled-components,material-ui,5
styled-components,npm,4
styled-components,react-native,4
styled-components,typescript,7
svelte,apache,1
svelte,async-await,2
svelte,authentication,1
svelte,azure,1
svelte,components,2
svelte,css,10
svelte,deployment,2
svelte,dom,1
svelte,electron,3
svelte,javascript,35
svelte,mongodb,1
svelte,nginx,1
svelte,npm,8
svelte,sass,2
svelte,typescript,17
svelte,variables,2
systemd,ansible,1
systemd,debian,1
systemd,gcc,1
systemd,jenkins,1
systemd,linux,8
systemd,mysql,1
systemd,python,2
systemd,ubuntu,3
tauri,circleci,1
tauri,css,1
tauri,javascript,4
tauri,multithreading,1
tauri,python,1
tauri,rust,13
tauri,svelte,2
tauri,typescript,1
tauri,ubuntu,1
tauri,windows,2
tdd,design-patterns,1
tdd,testing,2
tdd,unit-testing,3
teamcity,bitbucket,1
teamcity,deployment,1
teamcity,docker,1
teamcity,git,4
teamcity,github,1
teamcity,gitlab,1
teamcity,java,1
teamcity,kotlin,2
teamcity,python,1
telemetry,go,1
terraform,api,1
terraform,azure,68
terraform,azure-devops,11
terraform,deployment,2
terraform,docker,9
terraform,git,2
terraform,github,3
terraform,go,2
terraform,jenkins,3
terraform,json,6
terraform,kubernetes,12
terraform,networking,1
terraform,postgresql,3
terraform,powershell,3
terraform,python,3
terraform,rest,1
terraform,security,2
terraform,ssh,1
terraform,windows,1
testing,android-studio,2
testing,angular,12
testing,api,4
testing,authentication,2
testing,c#,18
testing,css,3
testing,dart,3
testing,docker,1
testing,flutter,6
testing,github,1
testing,go,6
testing,gradle,1
testing,http,1
testing,java,41
testing,javascript,42
testing,jenkins,1
testing,json,3
testing,kotlin,5
testing,kubernetes,1
testing,linux,2
testing,mongodb,5
testing,multithreading,1
testing,oop,1
testing,php,8
testing,postgresql,4
testing,powershell,1
testing,python,27
testing,react-native,2
testing,rest,2
testing,security,1
testing,sqlite,1
testing,typescript,14
testing,unit-testing,32
throttling,api,1
throttling,architecture,1
throttling,c#,1
throttling,design-patterns,1
throttling,go,1
throttling,python,2
throttling,redis,1
tomcat,ajax,1
tomcat,angular,1
tomcat,apache,1
tomcat,authentication,2
tomcat,azure,1
tomcat,docker,6
tomcat,gradle,1
tomcat,java,57
tomcat,javascript,2
tomcat,jenkins,2
tomcat,kotlin,1
tomcat,kubernetes,4
tomcat,linux,3
tomcat,mysql,4
tomcat,nginx,2
tomcat,postgresql,2
tomcat,security,1
tomcat,windows,3
transactions,api,2
transactions,c#,4
transactions,go,2
transactions,intellij-idea,1
transactions,java,10
transactions,mongodb,3
transactions,mysql,6
transactions,oracle,2
transactions,postgresql,6
transactions,powershell,1
transactions,python,7
transactions,redis,2
transactions,rust,1
travis-ci,mysql,1
truffle,blockchain,4
truffle,ethereum,4
truffle,javascript,1
truffle,solana,1
truffle,solidity,8
truffle,web3js,1
typescript,ajax,2
typescript,angular,421
typescript,c#,5
typescript,css,39
typescript,java,7
typescript,javascript,599
typescript,json,37
typescript,linux,2
typescript,mysql,8
typescript,php,6
typescript,python,7
ubuntu,android-studio,1
ubuntu,apache,9
ubuntu,api,1
ubuntu,authentication,1
ubuntu,c#,2
ubuntu,dart,2
ubuntu,docker,41
ubuntu,flutter,7
ubuntu,git,7
ubuntu,go,2
ubuntu,java,11
ubuntu,javascript,6
ubuntu,json,1
ubuntu,kotlin,1
ubuntu,linux,63
ubuntu,mongodb,3
ubuntu,mysql,8
ubuntu,php,15
ubuntu,postgresql,10
ubuntu,powershell,1
ubuntu,python,38
ubuntu,ruby,4
ubuntu,sockets,1
ubuntu,windows,10
unit-testing,angular,22
unit-testing,api,1
unit-testing,azure,1
unit-testing,c#,40
unit-testing,dart,6
unit-testing,firebase,2
unit-testing,flutter,8
unit-testing,java,32
unit-testing,javascript,27
unit-testing,json,1
unit-testing,kotlin,9
unit-testing,multithreading,2
unit-testing,mysql,2
unit-testing,php,1
unit-testing,postgresql,1
unit-testing,powershell,1
unit-testing,python,33
unit-testing,react-native,2
unit-testing,ruby,2
unit-testing,sqlite,1
unit-testing,typescript,20
unix,docker,2
unix,git,1
unix,go,2
unix,java,2
unix,javascript,1
unix,linux,26
unix,mysql,3
unix,powershell,1
unix,python,4
unix,sockets,1
unix,ubuntu,3
unix,windows,1
variables,angular,1
variables,api,1
variables,c#,5
variables,css,2
variables,dart,2
variables,docker,1
variables,flutter,5
variables,github,3
variables,java,7
variables,javascript,26
variables,kotlin,1
variables,linux,3
variables,multithreading,1
variables,mysql,1
variables,nginx,1
variables,oop,2
variables,oracle,1
variables,php,5
variables,powershell,2
variables,python,29
variables,react-native,1
variables,sqlite,1
vault,ansible,1
vault,github,1
vault,github-actions,1
vault,javascript,1
vault,postgresql,1
vault,terraform,1
vim,javascript,1
vim,linux,3
vim,python,2
vim,ruby,1
vim,unix,1
virtualization,docker,2
virtualization,kubernetes,1
virtualization,linux,1
virtualization,ssh,1
virtualization,testing,1
virtualization,windows,2
vite,angular,2
vite,apache,1
vite,api,1
vite,css,10
vite,deployment,3
vite,docker,5
vite,electron,12
vite,eslint,1
vite,firebase,4
vite,github,3
vite,github-actions,2
vite,heroku,4
vite,https,1
vite,intellij-idea,1
vite,javascript,74
vite,json,3
vite,kubernetes,1
vite,material-ui,4
vite,mysql,1
vite,nginx,4
vite,npm,15
vite,php,2
vite,postgresql,1
vite,sass,11
vite,sqlite,1
vite,styled-components,2
vite,svelte,15
vite,testing,2
vite,typescript,67
vite,ubuntu,2
vite,unit-testing,2
vite,webpack,8
vite,windows,1
vyper,truffle,1
web3js,blockchain,5
web3js,ethereum,18
web3js,graphql,1
web3js,javascript,7
web3js,php,1
web3js,rest,1
web3js,solidity,17
web3js,transactions,1
web3js,typescript,2
webpack,angular,20
webpack,azure,1
webpack,css,11
webpack,docker,1
webpack,firebase,3
webpack,heroku,1
webpack,http,1
webpack,intellij-idea,1
webpack,java,2
webpack,javascript,84
webpack,json,1
webpack,mongodb,1
webpack,npm,13
webpack,php,1
webpack,react-native,5
webpack,sqlite,1
webpack,typescript,46
windows,angular,3
windows,c#,50
windows,java,19
windows,javascript,5
windows,json,3
windows,linux,22
windows,mongodb,2
windows,mysql,4
windows,php,10
windows,postgresql,4
windows,python,110
windows,ruby,2
windows,typescript,2
zabbix,api,1
zabbix,javascript,1
zabbix,kubernetes,1
zabbix,linux,1
zabbix,mongodb,1
zabbix,monitoring,7
zabbix,mysql,1
zabbix,postgresql,1
